{
    "name": "root",
    "gauges": {
        "Guader.Policy.Entropy.mean": {
            "value": 0.9556763768196106,
            "min": 0.9556763768196106,
            "max": 1.4211835861206055,
            "count": 310
        },
        "Guader.Policy.Entropy.sum": {
            "value": 28679.84765625,
            "min": 28612.814453125,
            "max": 42662.5546875,
            "count": 310
        },
        "Guader.Environment.EpisodeLength.mean": {
            "value": 71.65859564164649,
            "min": 11.458471760797343,
            "max": 72.25916870415648,
            "count": 310
        },
        "Guader.Environment.EpisodeLength.sum": {
            "value": 29595.0,
            "min": 27592.0,
            "max": 29692.0,
            "count": 310
        },
        "Guader.Step.mean": {
            "value": 9299984.0,
            "min": 29988.0,
            "max": 9299984.0,
            "count": 310
        },
        "Guader.Step.sum": {
            "value": 9299984.0,
            "min": 29988.0,
            "max": 9299984.0,
            "count": 310
        },
        "Guader.Policy.ExtrinsicValueEstimate.mean": {
            "value": 60.83134841918945,
            "min": -0.7081121206283569,
            "max": 62.719825744628906,
            "count": 310
        },
        "Guader.Policy.ExtrinsicValueEstimate.sum": {
            "value": 25123.34765625,
            "min": -1673.97705078125,
            "max": 29761.052734375,
            "count": 310
        },
        "Guader.Environment.CumulativeReward.mean": {
            "value": 123.85971037888353,
            "min": -0.7600136353952736,
            "max": 129.42823532361473,
            "count": 310
        },
        "Guader.Environment.CumulativeReward.sum": {
            "value": 51154.0603864789,
            "min": -1829.3528203964233,
            "max": 54178.673994243145,
            "count": 310
        },
        "Guader.Policy.ExtrinsicReward.mean": {
            "value": 123.85971037888353,
            "min": -0.7600136353952736,
            "max": 129.42823532361473,
            "count": 310
        },
        "Guader.Policy.ExtrinsicReward.sum": {
            "value": 51154.0603864789,
            "min": -1829.3528203964233,
            "max": 54178.673994243145,
            "count": 310
        },
        "Guader.Losses.PolicyLoss.mean": {
            "value": 0.015487659741969159,
            "min": 0.011557933895771082,
            "max": 0.024280745536088943,
            "count": 310
        },
        "Guader.Losses.PolicyLoss.sum": {
            "value": 0.015487659741969159,
            "min": 0.011557933895771082,
            "max": 0.04042870549261958,
            "count": 310
        },
        "Guader.Losses.ValueLoss.mean": {
            "value": 436.7078531901042,
            "min": 0.09616234426697096,
            "max": 511.1404825846354,
            "count": 310
        },
        "Guader.Losses.ValueLoss.sum": {
            "value": 436.7078531901042,
            "min": 0.09616234426697096,
            "max": 1022.2809651692708,
            "count": 310
        },
        "Guader.Policy.LearningRate.mean": {
            "value": 0.0002493455623393635,
            "min": 0.0002493455623393635,
            "max": 0.0002998882745826964,
            "count": 310
        },
        "Guader.Policy.LearningRate.sum": {
            "value": 0.0002493455623393635,
            "min": 0.0002493455623393635,
            "max": 0.0005992178348061763,
            "count": 310
        },
        "Guader.Policy.Epsilon.mean": {
            "value": 0.18311518181818182,
            "min": 0.18311518181818182,
            "max": 0.19996275818181813,
            "count": 310
        },
        "Guader.Policy.Epsilon.sum": {
            "value": 0.18311518181818182,
            "min": 0.18311518181818182,
            "max": 0.3997392781818182,
            "count": 310
        },
        "Guader.Policy.Beta.mean": {
            "value": 0.0041574475727272735,
            "min": 0.0041574475727272735,
            "max": 0.004998141633272726,
            "count": 310
        },
        "Guader.Policy.Beta.sum": {
            "value": 0.0041574475727272735,
            "min": 0.0041574475727272735,
            "max": 0.009986989981272728,
            "count": 310
        },
        "Guader.IsTraining.mean": {
            "value": 1.0,
            "min": 1.0,
            "max": 1.0,
            "count": 310
        },
        "Guader.IsTraining.sum": {
            "value": 1.0,
            "min": 1.0,
            "max": 1.0,
            "count": 310
        },
        "testWalker.Policy.Entropy.mean": {
            "value": 0.9799736142158508,
            "min": 0.9799736142158508,
            "max": 1.421368956565857,
            "count": 310
        },
        "testWalker.Policy.Entropy.sum": {
            "value": 29222.8125,
            "min": 29222.8125,
            "max": 42671.828125,
            "count": 310
        },
        "testWalker.Environment.EpisodeLength.mean": {
            "value": 43.50668647845468,
            "min": 11.463647694225177,
            "max": 43.50668647845468,
            "count": 310
        },
        "testWalker.Environment.EpisodeLength.sum": {
            "value": 29280.0,
            "min": 27593.0,
            "max": 29365.0,
            "count": 310
        },
        "testWalker.Step.mean": {
            "value": 9299949.0,
            "min": 29987.0,
            "max": 9299949.0,
            "count": 310
        },
        "testWalker.Step.sum": {
            "value": 9299949.0,
            "min": 29987.0,
            "max": 9299949.0,
            "count": 310
        },
        "testWalker.Policy.ExtrinsicValueEstimate.mean": {
            "value": 31.708173751831055,
            "min": -0.7244448065757751,
            "max": 34.11114501953125,
            "count": 310
        },
        "testWalker.Policy.ExtrinsicValueEstimate.sum": {
            "value": 21339.6015625,
            "min": -1678.53857421875,
            "max": 25341.80078125,
            "count": 310
        },
        "testWalker.Environment.CumulativeReward.mean": {
            "value": 61.881426761665814,
            "min": -0.7696590333223243,
            "max": 64.90340631003765,
            "count": 310
        },
        "testWalker.Environment.CumulativeReward.sum": {
            "value": 41646.20021060109,
            "min": -1851.7996341735125,
            "max": 46972.96634888649,
            "count": 310
        },
        "testWalker.Policy.ExtrinsicReward.mean": {
            "value": 61.881426761665814,
            "min": -0.7696590333223243,
            "max": 64.90340631003765,
            "count": 310
        },
        "testWalker.Policy.ExtrinsicReward.sum": {
            "value": 41646.20021060109,
            "min": -1851.7996341735125,
            "max": 46972.96634888649,
            "count": 310
        },
        "testWalker.Losses.PolicyLoss.mean": {
            "value": 0.014565166348378018,
            "min": 0.011352074483875185,
            "max": 0.02328424183651805,
            "count": 310
        },
        "testWalker.Losses.PolicyLoss.sum": {
            "value": 0.014565166348378018,
            "min": 0.011352074483875185,
            "max": 0.04348740268663581,
            "count": 310
        },
        "testWalker.Losses.ValueLoss.mean": {
            "value": 160.8660519917806,
            "min": 0.09708791275819142,
            "max": 199.67874908447266,
            "count": 310
        },
        "testWalker.Losses.ValueLoss.sum": {
            "value": 160.8660519917806,
            "min": 0.09708791275819142,
            "max": 340.445703125,
            "count": 310
        },
        "testWalker.Policy.LearningRate.mean": {
            "value": 0.00024935950960744174,
            "min": 0.00024935950960744174,
            "max": 0.0002998882527645217,
            "count": 310
        },