{"count":1,"self":5801.6432128,"total":26086.0584197,"children":{"InitializeActuators":{"count":20,"self":0.0010007,"total":0.0010007,"children":null},"InitializeSensors":{"count":20,"self":0.0015042999999999999,"total":0.0015042999999999999,"children":null},"AgentSendState":{"count":4664066,"self":41.40792,"total":764.6146777,"children":{"CollectObservations":{"count":18656280,"self":494.87252479999995,"total":494.87251949999995,"children":null},"WriteActionMask":{"count":18656280,"self":6.3144095999999994,"total":6.3144094,"children":null},"RequestDecision":{"count":18656280,"self":24.9066208,"total":222.0198298,"children":{"AgentInfo.ToProto":{"count":18656280,"self":26.322020799999997,"total":197.1132096,"children":{"GenerateSensorData":{"count":18656280,"self":170.79119359999999,"total":170.7911881,"children":null}}}}}}},"DecideAction":{"count":4664066,"self":18347.150540799998,"total":18347.150599,"children":null},"AgentAct":{"count":4664066,"self":1153.9616767999999,"total":1153.9617277,"children":null},"AgentInfo.ToProto":{"count":807729,"self":6.0864959999999995,"total":18.684507,"children":{"GenerateSensorData":{"count":807729,"self":12.5980112,"total":12.598010799999999,"children":null}}}},"gauges":{"Guader.CumulativeReward":{"count":388426,"max":740.4909,"min":-2,"runningAverage":30.4032364,"value":66.61304,"weightedAverage":175.728271},"testWalker.CumulativeReward":{"count":419303,"max":447.7556,"min":-2,"runningAverage":24.5216026,"value":105.464005,"weightedAverage":73.04404}},"metadata":{"timer_format_version":"0.1.0","start_time_seconds":"1685826217","unity_version":"2021.3.11f1","command_line_arguments":"G:\\Unity\\Editor\\2021.3.11f1\\Editor\\Unity.exe -projectpath G:\\UnityProjects\\Template\\testWalker -useHub -hubIPC -cloudEnvironment production","communication_protocol_version":"1.5.0","com.unity.ml-agents_version":"2.3.0-exp.4","scene_name":"testWalker","end_time_seconds":"1685852303"}}