{
    "name": "root",
    "gauges": {
        "Guader.Policy.Entropy.mean": {
            "value": 0.9714540839195251,
            "min": 0.9714540839195251,
            "max": 0.9717510938644409,
            "count": 3
        },
        "Guader.Policy.Entropy.sum": {
            "value": 29201.91015625,
            "min": 10505.708984375,
            "max": 29201.91015625,
            "count": 3
        },
        "Guader.Environment.EpisodeLength.mean": {
            "value": 14.201723264064876,
            "min": 12.095121951219513,
            "max": 14.201723264064876,
            "count": 3
        },
        "Guader.Environment.EpisodeLength.sum": {
            "value": 28020.0,
            "min": 9918.0,
            "max": 28020.0,
            "count": 3
        },
        "Guader.Step.mean": {
            "value": 8819952.0,
            "min": 8759994.0,
            "max": 8819952.0,
            "count": 3
        },
        "Guader.Step.sum": {
            "value": 8819952.0,
            "min": 8759994.0,
            "max": 8819952.0,
            "count": 3
        },
        "Guader.Policy.ExtrinsicValueEstimate.mean": {
            "value": 21.877771377563477,
            "min": 21.877771377563477,
            "max": 79.89744567871094,
            "count": 3
        },
        "Guader.Policy.ExtrinsicValueEstimate.sum": {
            "value": 43164.84375,
            "min": 43164.84375,
            "max": 105026.859375,
            "count": 3
        },
        "Guader.Environment.CumulativeReward.mean": {
            "value": 19.13723007151154,
            "min": 15.34944129106617,
            "max": 19.13723007151154,
            "count": 3
        },
        "Guader.Environment.CumulativeReward.sum": {
            "value": 37757.75493109226,
            "min": 12571.192417383194,
            "max": 38491.65623450279,
            "count": 3
        },
        "Guader.Policy.ExtrinsicReward.mean": {
            "value": 19.13723007151154,
            "min": 15.34944129106617,
            "max": 19.13723007151154,
            "count": 3
        },
        "Guader.Policy.ExtrinsicReward.sum": {
            "value": 37757.75493109226,
            "min": 12571.192417383194,
            "max": 38491.65623450279,
            "count": 3
        },
        "Guader.IsTraining.mean": {
            "value": 1.0,
            "min": 1.0,
            "max": 1.0,
            "count": 3
        },
        "Guader.IsTraining.sum": {
            "value": 1.0,
            "min": 1.0,
            "max": 1.0,
            "count": 3
        },
        "testWalker.Policy.Entropy.mean": {
            "value": 1.0048574209213257,
            "min": 1.0048574209213257,
            "max": 1.0066720247268677,
            "count": 3
        },
        "testWalker.Policy.Entropy.sum": {
            "value": 30025.140625,
            "min": 10908.2978515625,
            "max": 30363.37890625,
            "count": 3
        },
        "testWalker.Environment.EpisodeLength.mean": {
            "value": 40.63157894736842,
            "min": 40.63157894736842,
            "max": 43.84388185654009,
            "count": 3
        },
        "testWalker.Environment.EpisodeLength.sum": {
            "value": 29336.0,
            "min": 10391.0,
            "max": 29336.0,
            "count": 3
        },
        "testWalker.Step.mean": {
            "value": 8819968.0,
            "min": 8759979.0,
            "max": 8819968.0,
            "count": 3
        },
        "testWalker.Step.sum": {
            "value": 8819968.0,
            "min": 8759979.0,
            "max": 8819968.0,
            "count": 3
        },
        "testWalker.Policy.ExtrinsicValueEstimate.mean": {
            "value": 33.36815643310547,
            "min": 32.12910842895508,
            "max": 34.917205810546875,
            "count": 3
        },
        "testWalker.Policy.ExtrinsicValueEstimate.sum": {
            "value": 24058.439453125,
            "min": 8240.4609375,
            "max": 24058.439453125,
            "count": 3
        },
        "testWalker.Environment.CumulativeReward.mean": {
            "value": 63.87752620745631,
            "min": 63.87752620745631,
            "max": 70.05812876583155,
            "count": 3
        },
        "testWalker.Environment.CumulativeReward.sum": {
            "value": 46055.696395576,
            "min": 16533.718388736248,
            "max": 46055.696395576,
            "count": 3
        },
        "testWalker.Policy.ExtrinsicReward.mean": {
            "value": 63.87752620745631,
            "min": 63.87752620745631,
            "max": 70.05812876583155,
            "count": 3
        },
        "testWalker.Policy.ExtrinsicReward.sum": {
            "value": 46055.696395576,
            "min": 16533.718388736248,
            "max": 46055.696395576,
            "count": 3
        },
        "testWalker.IsTraining.mean": {
            "value": 1.0,
            "min": 1.0,
            "max": 1.0,
            "count": 3
        },
        "testWalker.IsTraining.sum": {
            "value": 1.0,
            "min": 1.0,
            "max": 1.0,
            "count": 3
        },
        "Guader.Losses.PolicyLoss.mean": {
            "value": 0.01687738077865409,
            "min": 0.013159259040063868,
            "max": 0.01687738077865409,
            "count": 2
        },
        "Guader.Losses.PolicyLoss.sum": {
            "value": 0.03375476155730818,
            "min": 0.013159259040063868,
            "max": 0.03375476155730818,
            "count": 2
        },
        "Guader.Losses.ValueLoss.mean": {
            "value": 430.9660832722982,
            "min": 430.9660832722982,
            "max": 1284.2899353027344,
            "count": 2
        },
        "Guader.Losses.ValueLoss.sum": {
            "value": 861.9321665445964,
            "min": 861.9321665445964,
            "max": 1284.2899353027344,
            "count": 2
        },
        "Guader.Policy.LearningRate.mean": {
            "value": 0.00025199726963727915,
            "min": 0.00025199726963727915,
            "max": 0.00025216495049047634,
            "count": 2
        },
        "Guader.Policy.LearningRate.sum": {
            "value": 0.0005039945392745583,
            "min": 0.00025216495049047634,
            "max": 0.0005039945392745583,
            "count": 2
        },
        "Guader.Policy.Epsilon.mean": {
            "value": 0.1839990845454546,
            "min": 0.1839990845454546,
            "max": 0.18405497818181818,
            "count": 2
        },
        "Guader.Policy.Epsilon.sum": {
            "value": 0.3679981690909092,
            "min": 0.18405497818181818,
            "max": 0.3679981690909092,
            "count": 2
        },
        "Guader.Policy.Beta.mean": {
            "value": 0.0042015543188181825,
            "min": 0.0042015543188181825,
            "max": 0.004204343411272727,
            "count": 2
        },
        "Guader.Policy.Beta.sum": {
            "value": 0.008403108637636365,
            "min": 0.004204343411272727,
            "max": 0.008403108637636365,
            "count": 2
        },
        "testWalker.Losses.PolicyLoss.mean": {
            "value": 0.01705448503198568,
            "min": 0.01705448503198568,
            "max": 0.020385690871626137,
            "count": 2
        },
        "testWalker.Losses.PolicyLoss.sum": {
            "value": 0.03410897006397136,
            "min": 0.020385690871626137,
            "max": 0.03410897006397136,
            "count": 2
        },
        "testWalker.Losses.ValueLoss.mean": {
            "value": 108.83184254964192,
            "min": 108.83184254964192,
            "max": 143.78039881388347,
            "count": 2
        },
        "testWalker.Losses.ValueLoss.sum": {
            "value": 217.66368509928384,
            "min": 143.78039881388347,
            "max": 217.66368509928384,
            "count": 2
        },